{"v":"5.6.1","fr":29.9700012207031,"ip":0,"op":64.0000026067734,"w":1000,"h":1000,"nm":"gym","ddd":0,"assets":[],"layers":[{"ddd":0,"ind":1,"ty":4,"nm":"Layer 5 Outlines","sr":1,"ks":{"o":{"a":0,"k":100,"ix":11},"r":{"a":0,"k":0,"ix":10},"p":{"a":1,"k":[{"i":{"x":0,"y":1},"o":{"x":0.046,"y":0},"t":19,"s":[1103,497.838,0],"to":[-66.667,0,0],"ti":[66.667,0,0]},{"t":49.0000019958109,"s":[703,497.838,0]}],"ix":2},"a":{"a":0,"k":[703,497.838,0],"ix":1},"s":{"a":0,"k":[100,100,100],"ix":6}},"ao":0,"shapes":[{"ty":"gr","it":[{"ind":0,"ty":"sh","ix":1,"ks":{"a":0,"k":{"i":[[18.777,0],[0,0],[0,18.777],[0,0],[-18.777,0],[0,-18.778],[0,0]],"o":[[0,0],[-18.777,0],[0,0],[0,-18.778],[18.777,0],[0,0],[0,18.777]],"v":[[0,136],[0,136],[-34,102],[-34,-102],[0,-136],[34,-102],[34,102]],"c":true},"ix":2},"nm":"Path 1","mn":"ADBE Vector Shape - Group","hd":false},{"ty":"fl","c":{"a":0,"k":[0,0,0,1],"ix":4},"o":{"a":0,"k":100,"ix":5},"r":1,"bm":0,"nm":"Fill 1","mn":"ADBE Vector Graphic - Fill","hd":false},{"ty":"tr","p":{"a":0,"k":[703,497.838],"ix":2},"a":{"a":0,"k":[0,0],"ix":1},"s":{"a":0,"k":[100,100],"ix":3},"r":{"a":0,"k":0,"ix":6},"o":{"a":0,"k":100,"ix":7},"sk":{"a":0,"k":0,"ix":4},"sa":{"a":0,"k":0,"ix":5},"nm":"Transform"}],"nm":"Group 1","np":2,"cix":2,"bm":0,"ix":1,"mn":"ADBE Vector Group","hd":false}],"ip":0,"op":64.0000026067734,"st":-30.0000012219251,"bm":0},{"ddd":0,"ind":2,"ty":4,"nm":"Layer 6 Outlines","sr":1,"ks":{"o":{"a":0,"k":100,"ix":11},"r":{"a":0,"k":0,"ix":10},"p":{"a":1,"k":[{"i":{"x":0,"y":1},"o":{"x":0,"y":0},"t":17,"s":[-52.059,497.838,0],"to":[63.333,0,0],"ti":[-63.333,0,0]},{"t":47.0000019143492,"s":[327.941,497.838,0]}],"ix":2},"a":{"a":0,"k":[327.941,497.838,0],"ix":1},"s":{"a":0,"k":[100,100,100],"ix":6}},"ao":0,"shapes":[{"ty":"gr","it":[{"ind":0,"ty":"sh","ix":1,"ks":{"a":0,"k":{"i":[[20.955,0],[0,0],[0,20.954],[0,0],[-20.955,0],[0,-20.955],[0,0]],"o":[[0,0],[-20.955,0],[0,0],[0,-20.955],[20.955,0],[0,0],[0,20.954]],"v":[[0,187.176],[0,187.176],[-37.941,149.235],[-37.941,-149.234],[0,-187.176],[37.941,-149.234],[37.941,149.235]],"c":true},"ix":2},"nm":"Path 1","mn":"ADBE Vector Shape - Group","hd":false},{"ty":"fl","c":{"a":0,"k":[0,0,0,1],"ix":4},"o":{"a":0,"k":100,"ix":5},"r":1,"bm":0,"nm":"Fill 1","mn":"ADBE Vector Graphic - Fill","hd":false},{"ty":"tr","p":{"a":0,"k":[327.941,497.838],"ix":2},"a":{"a":0,"k":[0,0],"ix":1},"s":{"a":0,"k":[100,100],"ix":3},"r":{"a":0,"k":0,"ix":6},"o":{"a":0,"k":100,"ix":7},"sk":{"a":0,"k":0,"ix":4},"sa":{"a":0,"k":0,"ix":5},"nm":"Transform"}],"nm":"Group 1","np":2,"cix":2,"bm":0,"ix":1,"mn":"ADBE Vector Group","hd":false}],"ip":0,"op":64.0000026067734,"st":0,"bm":0},{"ddd":0,"ind":3,"ty":4,"nm":"Layer 3 Outlines","sr":1,"ks":{"o":{"a":0,"k":100,"ix":11},"r":{"a":0,"k":0,"ix":10},"p":{"a":1,"k":[{"i":{"x":0,"y":1},"o":{"x":0,"y":0},"t":17,"s":[1044.941,497.838,0],"to":[-66.667,0,0],"ti":[66.667,0,0]},{"t":47.0000019143492,"s":[644.941,497.838,0]}],"ix":2},"a":{"a":0,"k":[644.941,497.838,0],"ix":1},"s":{"a":0,"k":[100,100,100],"ix":6}},"ao":0,"shapes":[{"ty":"gr","it":[{"ind":0,"ty":"sh","ix":1,"ks":{"a":0,"k":{"i":[[20.954,0],[0,0],[0,20.954],[0,0],[-20.954,0],[0,-20.955],[0,0]],"o":[[0,0],[-20.954,0],[0,0],[0,-20.955],[20.954,0],[0,0],[0,20.954]],"v":[[0,187.176],[0,187.176],[-37.941,149.235],[-37.941,-149.234],[0,-187.176],[37.941,-149.234],[37.941,149.235]],"c":true},"ix":2},"nm":"Path 1","mn":"ADBE Vector Shape - Group","hd":false},{"ty":"fl","c":{"a":0,"k":[0,0,0,1],"ix":4},"o":{"a":0,"k":100,"ix":5},"r":1,"bm":0,"nm":"Fill 1","mn":"ADBE Vector Graphic - Fill","hd":false},{"ty":"tr","p":{"a":0,"k":[644.941,497.838],"ix":2},"a":{"a":0,"k":[0,0],"ix":1},"s":{"a":0,"k":[100,100],"ix":3},"r":{"a":0,"k":0,"ix":6},"o":{"a":0,"k":100,"ix":7},"sk":{"a":0,"k":0,"ix":4},"sa":{"a":0,"k":0,"ix":5},"nm":"Transform"}],"nm":"Group 1","np":2,"cix":2,"bm":0,"ix":1,"mn":"ADBE Vector Group","hd":false}],"ip":0,"op":64.0000026067734,"st":-15.0000006109625,"bm":0},{"ddd":0,"ind":4,"ty":4,"nm":"Layer 4 Outlines","sr":1,"ks":{"o":{"a":0,"k":100,"ix":11},"r":{"a":0,"k":0,"ix":10},"p":{"a":1,"k":[{"i":{"x":0,"y":1},"o":{"x":0,"y":0},"t":19,"s":[-112,497.838,0],"to":[63.333,0,0],"ti":[-63.333,0,0]},{"t":49.0000019958109,"s":[268,497.838,0]}],"ix":2},"a":{"a":0,"k":[268,497.838,0],"ix":1},"s":{"a":0,"k":[100,100,100],"ix":6}},"ao":0,"shapes":[{"ty":"gr","it":[{"ind":0,"ty":"sh","ix":1,"ks":{"a":0,"k":{"i":[[18.778,0],[0,0],[0,18.777],[0,0],[-18.778,0],[0,-18.778],[0,0]],"o":[[0,0],[-18.778,0],[0,0],[0,-18.778],[18.778,0],[0,0],[0,18.777]],"v":[[0,136],[0,136],[-34,102],[-34,-102],[0,-136],[34,-102],[34,102]],"c":true},"ix":2},"nm":"Path 1","mn":"ADBE Vector Shape - Group","hd":false},{"ty":"fl","c":{"a":0,"k":[0,0,0,1],"ix":4},"o":{"a":0,"k":100,"ix":5},"r":1,"bm":0,"nm":"Fill 1","mn":"ADBE Vector Graphic - Fill","hd":false},{"ty":"tr","p":{"a":0,"k":[268,497.838],"ix":2},"a":{"a":0,"k":[0,0],"ix":1},"s":{"a":0,"k":[100,100],"ix":3},"r":{"a":0,"k":0,"ix":6},"o":{"a":0,"k":100,"ix":7},"sk":{"a":0,"k":0,"ix":4},"sa":{"a":0,"k":0,"ix":5},"nm":"Transform"}],"nm":"Group 1","np":2,"cix":2,"bm":0,"ix":1,"mn":"ADBE Vector Group","hd":false}],"ip":0,"op":64.0000026067734,"st":-30.0000012219251,"bm":0},{"ddd":0,"ind":5,"ty":4,"nm":"Layer 2 Outlines","sr":1,"ks":{"o":{"a":0,"k":100,"ix":11},"r":{"a":0,"k":0,"ix":10},"p":{"a":0,"k":[485.056,492.522,0],"ix":2},"a":{"a":0,"k":[485.056,492.522,0],"ix":1},"s":{"a":1,"k":[{"i":{"x":[0.028,0.028,0.667],"y":[1,1,1]},"o":{"x":[0.261,0.261,0.333],"y":[0,0,0]},"t":0,"s":[0,0,100]},{"t":17.0000006924242,"s":[100,100,100]}],"ix":6}},"ao":0,"shapes":[{"ty":"gr","it":[{"ind":0,"ty":"sh","ix":1,"ks":{"a":0,"k":{"i":[[18.225,0],[0,0],[0,18.226],[-18.226,0],[0,0],[0,-18.225]],"o":[[0,0],[-18.226,0],[0,-18.225],[0,0],[18.225,0],[0,18.226]],"v":[[296.901,33],[-296.9,33],[-329.9,0],[-296.9,-33],[296.901,-33],[329.9,0]],"c":true},"ix":2},"nm":"Path 1","mn":"ADBE Vector Shape - Group","hd":false},{"ty":"fl","c":{"a":0,"k":[0,0,0,1],"ix":4},"o":{"a":0,"k":100,"ix":5},"r":1,"bm":0,"nm":"Fill 1","mn":"ADBE Vector Graphic - Fill","hd":false},{"ty":"tr","p":{"a":0,"k":[485.056,492.522],"ix":2},"a":{"a":0,"k":[0,0],"ix":1},"s":{"a":0,"k":[100,100],"ix":3},"r":{"a":0,"k":0,"ix":6},"o":{"a":0,"k":100,"ix":7},"sk":{"a":0,"k":0,"ix":4},"sa":{"a":0,"k":0,"ix":5},"nm":"Transform"}],"nm":"Group 1","np":2,"cix":2,"bm":0,"ix":1,"mn":"ADBE Vector Group","hd":false}],"ip":0,"op":64.0000026067734,"st":0,"bm":0},{"ddd":0,"ind":6,"ty":1,"nm":"White Solid 1","sr":1,"ks":{"o":{"a":0,"k":100,"ix":11},"r":{"a":0,"k":0,"ix":10},"p":{"a":0,"k":[500,500,0],"ix":2},"a":{"a":0,"k":[500,500,0],"ix":1},"s":{"a":0,"k":[100,100,100],"ix":6}},"ao":0,"sw":1000,"sh":1000,"sc":"#ffffff","ip":0,"op":64.0000026067734,"st":0,"bm":0}],"markers":[]}